id,x,y,z
1,-92.17249298095703,19.676807403564453,-5.299923896789551
1,-137.33963012695312,87.9446029663086,-8.867965698242188
2,-86.58019256591797,22.258258819580078,-5.174881935119629
2,-131.82095336914062,91.01817321777344,-8.807403564453125
3,-137.3800048828125,88.13958740234375,-8.876874923706055
3,-142.93698120117188,95.15919494628906,-9.849883079528809
3,-145.04306030273438,96.42123413085938,-10.13797378540039
3,-150.10523986816406,97.24502563476562,-10.571733474731445
3,-155.60427856445312,97.2072525024414,-11.014789581298828
3,-160.6400604248047,96.46871948242188,-11.40906810760498
3,-165.09814453125,95.17057800292969,-11.731414794921875
3,-171.18055725097656,92.70330810546875,-12.181373596191406
3,-177.6342315673828,89.44194793701172,-12.5160551071167
3,-187.1718292236328,82.60636901855469,-13.040287017822266
3,-202.79959106445312,69.76219940185547,-13.702676773071289
3,-215.14385986328125,59.11832809448242,-14.333181381225586
3,-221.8091278076172,52.92461013793945,-14.690778732299805
3,-228.2943115234375,45.817420959472656,-15.034679412841797
3,-232.79995727539062,39.0759391784668,-15.197278022766113
3,-234.70321655273438,35.053016662597656,-15.335550308227539
3,-236.21615600585938,31.162281036376953,-15.367237091064453
3,-239.03189086914062,23.584766387939453,-15.459920883178711
3,-241.90150451660156,15.04537582397461,-15.563591003417969
3,-243.40403747558594,8.438692092895508,-15.561840057373047
3,-244.42807006835938,2.704602003097534,-15.56296443939209
3,-244.51614379882812,-1.6177189350128174,-15.573541641235352
3,-244.32484436035156,-8.140575408935547,-15.47685718536377
3,-243.0551300048828,-22.227582931518555,-15.269268989562988
3,-242.18765258789062,-29.39377212524414,-15.16220474243164
3,-240.23536682128906,-43.610843658447266,-14.869890213012695
3,-238.58468627929688,-51.39979934692383,-14.749771118164062
3,-236.71302795410156,-58.45342254638672,-14.53026294708252
3,-233.73619079589844,-66.18204498291016,-14.283831596374512
3,-229.05287170410156,-74.05353546142578,-13.99448299407959
3,-227.7672576904297,-75.8011245727539,-13.898394584655762
3,-224.63267517089844,-77.0905990600586,-13.697003364562988
3,-221.5093231201172,-76.69300079345703,-13.570526123046875
4,-144.40060424804688,105.52023315429688,-10.491947174072266
4,-155.13735961914062,105.63416290283203,-11.370278358459473
4,-164.65386962890625,104.21717071533203,-12.105254173278809
4,-174.84100341796875,100.23457336425781,-12.697942733764648
4,-184.7183074951172,94.87976837158203,-13.235523223876953
4,-193.6320037841797,88.29743194580078,-13.704920768737793
4,-202.70529174804688,80.78272247314453,-14.126213073730469
4,-214.34567260742188,70.91607666015625,-14.623432159423828
4,-227.96688842773438,58.65562057495117,-15.210580825805664
4,-236.5079345703125,49.02163314819336,-15.648962020874023
4,-242.14427185058594,39.041664123535156,-15.839670181274414
4,-246.4186553955078,28.165430068969727,-15.914234161376953
4,-249.74876403808594,17.900341033935547,-16.008039474487305
4,-252.2779998779297,7.298194885253906,-16.00591468811035
4,-252.83750915527344,1.9686752557754517,-15.976253509521484
4,-253.11619567871094,-3.758016586303711,-15.89409065246582
4,-251.2301025390625,-26.53428840637207,-15.55530834197998
4,-248.63670349121094,-46.62660598754883,-15.128263473510742
4,-249.33448791503906,-47.93137741088867,-15.132356643676758
4,-250.612060546875,-48.383056640625,-14.984796524047852
4,-255.119140625,-49.16223907470703,-15.50146484375
5,-252.47488403320312,-54.279510498046875,-15.182119369506836
5,-248.08526611328125,-53.838138580322266,-14.926048278808594
5,-246.25697326660156,-55.57994079589844,-14.462632179260254
5,-237.66493225097656,-75.83834075927734,-13.745180130004883
5,-225.47561645507812,-92.9584732055664,-12.934158325195312
5,-213.4541778564453,-107.41754150390625,-12.106992721557617
5,-190.47911071777344,-137.2152099609375,-10.296777725219727
5,-171.41212463378906,-162.93223571777344,-8.636425018310547
5,-165.00003051757812,-173.8949432373047,-8.121166229248047
5,-161.39735412597656,-181.66671752929688,-7.830282211303711
5,-150.20790100097656,-247.723876953125,-5.400331020355225
5,-150.97669982910156,-249.28009033203125,-5.3142523765563965
5,-153.44525146484375,-251.16171264648438,-5.2023420333862305
5,-157.6909942626953,-252.6746368408203,-4.31137752532959
6,-216.6511688232422,-82.59712219238281,-13.083219528198242
6,-217.93768310546875,-85.6020278930664,-13.14786434173584
6,-217.78663635253906,-88.82801818847656,-13.061910629272461
6,-176.41061401367188,-142.05105590820312,-9.636988639831543
6,-174.37637329101562,-142.48297119140625,-9.47663402557373
6,-170.6307373046875,-139.83221435546875,-9.247612953186035
7,-167.514404296875,-143.86685180664062,-8.88101577758789
7,-170.8100128173828,-146.97679138183594,-9.128222465515137
7,-171.0314483642578,-149.28546142578125,-9.284637451171875
7,-161.25013732910156,-162.29566955566406,-8.494037628173828
7,-157.25787353515625,-168.7860107421875,-8.029674530029297
7,-154.52078247070312,-175.05567932128906,-7.740360260009766
7,-152.38124084472656,-180.92332458496094,-7.515443801879883
7,-150.50999450683594,-182.557861328125,-7.429474830627441
7,-145.9406280517578,-184.32562255859375,-7.376570701599121
7,-142.48121643066406,-184.57530212402344,-7.402883052825928
8,-142.93145751953125,-196.09469604492188,-6.821073532104492
8,-145.17279052734375,-197.08692932128906,-6.6294965744018555
8,-146.6776123046875,-199.41757202148438,-6.70465087890625
8,-147.8323974609375,-203.89024353027344,-6.6012678146362305
8,-146.9138946533203,-207.1037139892578,-6.50656795501709
8,-146.2410430908203,-208.2070770263672,-6.415812015533447
8,-144.2142333984375,-214.591064453125,-6.0940046310424805
8,-141.23065185546875,-232.4889678955078,-5.566902160644531
9,-141.34434509277344,-232.6375274658203,-5.53905725479126
9,-138.8373565673828,-248.83123779296875,-4.9601335525512695
9,-139.83851623535156,-249.98062133789062,-4.950620651245117
9,-140.48736572265625,-251.9554901123047,-4.962512969970703
9,-136.04310607910156,-278.5945129394531,-4.375576019287109
9,-132.77609252929688,-299.0733947753906,-4.095894813537598
9,-131.24053955078125,-310.3091735839844,-3.970031261444092
9,-130.77841186523438,-321.17620849609375,-3.9282028675079346
9,-130.88998413085938,-329.5475769042969,-3.89272141456604
9,-131.9092559814453,-340.2086181640625,-3.9014663696289062
9,-135.7888946533203,-367.7450866699219,-3.7712621688842773
9,-136.5786895751953,-374.45074462890625,-3.854119300842285
9,-136.82606506347656,-385.58447265625,-3.814103126525879
9,-134.96286010742188,-395.2140197753906,-3.703845977783203
9,-132.54168701171875,-402.16534423828125,-3.6573047637939453
9,-130.59841918945312,-406.2089538574219,-3.573599338531494
9,-128.35464477539062,-410.26165771484375,-3.476511001586914
9,-100.44627380371094,-452.5904541015625,-2.590834140777588
9,-97.19891357421875,-456.8265686035156,-2.4920058250427246
9,-92.44731140136719,-462.09234619140625,-2.3900227546691895
9,-84.75636291503906,-469.16845703125,-2.2420263290405273
9,-75.0925064086914,-475.85894775390625,-2.058945655822754
9,-66.85420227050781,-480.2371520996094,-1.9555253982543945
9,-57.650970458984375,-483.86279296875,-1.8321170806884766
9,-48.92485809326172,-486.1362609863281,-1.6392416954040527
9,-36.61994552612305,-488.04315185546875,-1.5368444919586182
9,-23.82976722717285,-487.99041748046875,-1.2951817512512207
9,-8.010026931762695,-485.21405029296875,-1.0053901672363281
9,3.1078414916992188,-481.3733215332031,-1.0115880966186523
9,12.978769302368164,-476.525634765625,-1.022634506225586
9,47.48054504394531,-452.3634948730469,-1.104705810546875
9,55.33436584472656,-446.6982727050781,-1.0311665534973145
9,56.01155090332031,-446.3439025878906,-0.9834318161010742
10,56.003719329833984,-446.2152099609375,-1.0161323547363281
10,59.497528076171875,-440.89630126953125,-0.913611888885498
10,62.61619186401367,-431.35040283203125,-0.6485180854797363
10,61.8924560546875,-423.2958679199219,-0.36195993423461914
10,48.72890090942383,-366.975341796875,-3.646087169647217
11,-159.1673583984375,-259.1186218261719,-4.293585777282715
11,-149.59066772460938,-259.4029235839844,-5.022350311279297
11,-147.1242218017578,-262.568603515625,-4.829622745513916
11,-140.25294494628906,-304.1888122558594,-4.225217342376709
11,-138.81654357910156,-314.614013671875,-4.130856513977051
11,-141.04144287109375,-316.2896423339844,-4.230609893798828
11,-149.45896911621094,-317.2349548339844,-4.480042457580566
12,-150.31753540039062,-320.8826904296875,-4.471588134765625
12,-143.5973358154297,-320.9417419433594,-4.333723545074463
12,-138.8174285888672,-323.16143798828125,-4.134549140930176
12,-138.94216918945312,-328.247802734375,-4.098668575286865
12,-142.19813537597656,-355.9871826171875,-4.036682605743408
12,-144.87059020996094,-373.5575866699219,-4.109986782073975
12,-145.16078186035156,-383.99041748046875,-4.079187393188477
12,-142.5538330078125,-398.7251281738281,-3.836933135986328
12,-147.56332397460938,-402.0653991699219,-3.832703113555908
13,-144.53916931152344,-406.3043518066406,-3.6179568767547607
13,-141.6988067626953,-403.8399963378906,-3.853498697280884
13,-131.60678100585938,-422.5830078125,-3.3940908908843994
13,-133.40740966796875,-423.2981872558594,-3.292773485183716
13,-135.446533203125,-421.7164611816406,-3.0822978019714355
13,-144.2978515625,-407.71551513671875,-3.4972996711730957
13,-144.3945770263672,-406.522216796875,-3.599215030670166
14,-135.44723510742188,-430.018798828125,-3.1775407791137695
14,-129.07713317871094,-426.4409484863281,-3.2469658851623535
14,-127.3472900390625,-428.7279357910156,-3.2415106296539307
14,-133.56829833984375,-432.87646484375,-3.243645191192627
15,-133.12158203125,-437.15252685546875,-3.2512292861938477
15,-125.42851257324219,-432.0941467285156,-3.157344102859497
15,-112.32241821289062,-451.519287109375,-2.7541279792785645
15,-104.83401489257812,-461.8039245605469,-2.539369583129883
15,-97.39701843261719,-468.9655456542969,-2.196347236633301
15,-84.46760559082031,-479.9162292480469,-2.0173842906951904
15,-70.72100067138672,-487.3812561035156,-1.701601505279541
15,-52.38655471801758,-493.6985778808594,-1.454066276550293
15,-35.09724426269531,-496.4132995605469,-1.2646989822387695
15,-16.1630802154541,-495.063232421875,-0.9657623767852783
15,-0.28220415115356445,-491.4917907714844,-0.705716609954834
15,8.382181167602539,-487.955078125,-0.8469893932342529
15,17.54132652282715,-482.7554931640625,-0.7488260269165039
15,28.335100173950195,-475.8611755371094,-0.6660518646240234
15,43.9477653503418,-464.7110595703125,-0.600090503692627
15,50.05348587036133,-461.0976867675781,-0.9019365310668945
15,52.597686767578125,-460.4989013671875,-1.2803339958190918
15,55.26568603515625,-461.45648193359375,-1.6141777038574219
15,57.305694580078125,-463.4545593261719,-2.068295955657959
15,58.53681945800781,-466.84619140625,-2.3998146057128906
16,64.83016204833984,-464.15631103515625,-2.0247507095336914
16,65.62110137939453,-456.7275085449219,-1.5540056228637695
16,68.1578598022461,-457.0220947265625,-1.5204648971557617
16,68.83597564697266,-464.9141845703125,-1.9004039764404297
17,74.54407501220703,-463.3062744140625,-1.7200560569763184
17,74.93243408203125,-456.37518310546875,-1.29417085647583
17,74.86428833007812,-447.5185546875,-0.9015889167785645
17,74.6086196899414,-439.6925048828125,-0.6310744285583496
17,73.1803970336914,-429.05535888671875,-0.3319563865661621
17,64.641357421875,-390.62939453125,-4.044375419616699
17,64.36910247802734,-388.0146179199219,-4.020435333251953
17,67.76270294189453,-383.5859375,-3.9013679027557373
17,73.62007141113281,-377.2084045410156,-3.6963162422180176
17,77.94779205322266,-374.3755798339844,-3.5350611209869385
18,78.25395202636719,-374.156982421875,-3.5171189308166504
18,135.86441040039062,-347.4693603515625,-1.7318029403686523
18,141.352783203125,-345.0650939941406,-1.5514802932739258
18,148.6494903564453,-343.03173828125,-1.344071626663208
18,157.8470458984375,-342.4281005859375,-1.0408320426940918
18,162.57415771484375,-342.4750061035156,-0.7719675302505493
18,188.86019897460938,-346.4565734863281,-0.14245891571044922
18,214.0216064453125,-350.29473876953125,0.3904290199279785
18,220.09622192382812,-351.4852600097656,0.5711545944213867
18,220.36538696289062,-352.49639892578125,0.6420440673828125
18,264.91107177734375,-358.6346130371094,1.1917376518249512
19,67.74051666259766,-363.12164306640625,-3.738708972930908
19,70.59149169921875,-364.37261962890625,-3.7395129203796387
19,74.24285125732422,-365.17425537109375,-3.6558148860931396
19,79.36032104492188,-364.4881896972656,-3.5996551513671875
19,107.46205139160156,-351.46380615234375,-2.7370309829711914
19,109.67845916748047,-350.1792297363281,-2.6395838260650635
19,110.69522857666016,-348.15008544921875,-2.718979835510254
19,110.77886962890625,-347.0560607910156,-2.6428489685058594
20,67.58112335205078,-362.9663391113281,-3.7196106910705566
20,64.84879302978516,-360.91558837890625,-3.534783363342285
20,62.736820220947266,-358.26031494140625,-3.4575247764587402
20,61.21842575073242,-355.7846984863281,-3.456733226776123
20,60.202056884765625,-353.24822998046875,-3.3474600315093994
20,59.43976974487305,-349.4797058105469,-3.223292350769043
20,59.2711181640625,-344.56964111328125,-3.0633645057678223
20,59.474769592285156,-342.077392578125,-3.0815892219543457
20,59.97050476074219,-339.38018798828125,-2.9804720878601074
20,62.53773498535156,-332.6556701660156,-2.7293167114257812
20,62.96849060058594,-331.6481018066406,-2.676609516143799
20,84.94345092773438,-318.3922119140625,-2.1318726539611816
20,86.55526733398438,-317.88800048828125,-1.9939842224121094
20,89.12836456298828,-318.1529235839844,-2.113351345062256
20,91.7925033569336,-321.1297607421875,-1.9308929443359375
21,48.635780334472656,-366.98443603515625,-3.762404680252075
21,47.57319641113281,-355.11297607421875,-3.5517380237579346
21,47.953102111816406,-349.83489990234375,-3.459611654281616
21,48.903724670410156,-342.93865966796875,-3.3579020500183105
21,50.09765625,-337.6846618652344,-3.291853189468384
21,51.64705276489258,-332.7492980957031,-3.2528960704803467
21,53.54267120361328,-327.5470886230469,-3.0807876586914062
21,54.153751373291016,-326.4203186035156,-3.048788070678711
21,54.84598922729492,-326.16888427734375,-3.05167293548584
21,55.169071197509766,-325.5550231933594,-3.0155153274536133
21,55.47504425048828,-322.4346618652344,-2.968158721923828
22,92.26510620117188,-303.2508850097656,-1.5548977851867676
22,81.31554412841797,-285.5924987792969,-1.9589167833328247
22,88.17372131347656,-268.7352600097656,-1.680689811706543
22,89.52838897705078,-267.43975830078125,-1.61663818359375
22,96.0215072631836,-251.43304443359375,-1.5846357345581055
22,96.89959716796875,-251.3305206298828,-1.5292935371398926
22,101.18096160888672,-256.6230163574219,-1.168191909790039
23,55.35371398925781,-325.2451477050781,-3.01279354095459
23,75.62235260009766,-278.97650146484375,-2.0913968086242676
24,63.061676025390625,-331.2391357421875,-2.6808385848999023
24,81.20291137695312,-285.68707275390625,-1.981182336807251
25,71.63054656982422,-279.3524169921875,-1.93408203125
25,74.74462890625,-279.6194152832031,-1.8544464111328125
25,75.90789794921875,-278.34527587890625,-2.079183578491211
25,88.03716278076172,-249.80178833007812,-1.9438238143920898
25,86.47464752197266,-248.26248168945312,-1.807645320892334
26,100.58732604980469,-252.8480682373047,-1.3785667419433594
26,97.3285903930664,-248.64108276367188,-1.6307249069213867
26,99.46766662597656,-242.4559783935547,-1.6918959617614746
26,99.97932434082031,-241.85781860351562,-1.6756458282470703
26,102.60274505615234,-245.7166748046875,-1.4278068542480469
27,88.08074951171875,-244.50479125976562,-1.9077787399291992
27,89.96446228027344,-245.38941955566406,-1.9224867820739746
27,109.92617797851562,-197.11302185058594,-1.8503568172454834
27,112.09811401367188,-191.72938537597656,-1.8117413520812988
27,114.8535385131836,-186.12835693359375,-1.8497408628463745
27,117.84964752197266,-181.51512145996094,-1.7987518310546875
27,120.56459045410156,-179.06719970703125,-1.7854762077331543
27,123.77178192138672,-176.82569885253906,-1.6821832656860352
27,134.42041015625,-170.41876220703125,-1.6632137298583984
27,147.22772216796875,-162.32382202148438,-1.6615982055664062
27,148.47218322753906,-162.2376708984375,-1.516697883605957
27,182.1036834716797,-141.573486328125,-1.4096527099609375
28,107.21561431884766,-228.8162078857422,-1.4643220901489258
28,105.27583312988281,-229.6490478515625,-1.6040544509887695
28,105.31819915771484,-228.55007934570312,-1.5694198608398438
28,108.27996063232422,-220.650390625,-1.4975550174713135
28,109.10020446777344,-220.03280639648438,-1.399019479751587
28,110.3086166381836,-220.162109375,-1.3670086860656738
28,112.51126861572266,-223.24331665039062,-1.1553404331207275
29,111.90251159667969,-212.23733520507812,-1.7044219970703125
29,120.59133911132812,-192.0120391845703,-1.5198891162872314
29,122.3235092163086,-189.12799072265625,-1.5713958740234375
29,125.54806518554688,-186.0167999267578,-1.524078607559204
29,128.86151123046875,-183.6605224609375,-1.5376553535461426
29,169.07672119140625,-158.85707092285156,-1.268134593963623
29,171.2078857421875,-158.6165008544922,-1.0279107093811035
29,172.8957061767578,-159.2650146484375,-0.8352780342102051
29,174.2183837890625,-161.58566284179688,-0.927614688873291
30,180.73336791992188,-157.31614685058594,-1.0472564697265625
30,178.48736572265625,-155.36953735351562,-1.1828227043151855
30,178.26315307617188,-154.30349731445312,-1.1950526237487793
30,179.35093688964844,-151.86705017089844,-1.226247787475586
30,186.59603881835938,-147.8141326904297,-1.0564355850219727
30,201.7070770263672,-140.28402709960938,-0.9294729232788086
30,229.91268920898438,-130.89913940429688,-0.8137943744659424
30,232.94776916503906,-129.56582641601562,-0.7974200248718262
30,234.49945068359375,-129.08018493652344,-0.7904024124145508
30,239.1198272705078,-127.868896484375,-0.7414226531982422
30,241.54010009765625,-127.0261001586914,-0.6412210464477539
30,248.3636474609375,-124.94234466552734,-0.48700857162475586
30,259.66607666015625,-121.00312805175781,-0.36905670166015625
30,269.1913146972656,-117.20610809326172,-0.4267702102661133
30,278.74151611328125,-112.3168716430664,-0.4012579917907715
30,287.8681335449219,-106.68536376953125,-0.4620387554168701
30,344.8476257324219,-71.04420471191406,-1.1079175472259521
30,348.96148681640625,-68.64561462402344,-1.0635671615600586
30,351.6150207519531,-67.9780044555664,-1.1009407043457031
30,353.94769287109375,-67.96460723876953,-1.0994153022766113
30,356.64190673828125,-68.86669921875,-1.048095703125
30,358.63671875,-70.27727508544922,-0.9421186447143555
31,182.2960662841797,-141.61097717285156,-1.4075275659561157
31,188.21670532226562,-138.1277313232422,-1.214864730834961
31,193.681396484375,-135.3091583251953,-1.2032358646392822
31,197.7940673828125,-133.73057556152344,-1.1898300647735596
31,202.26605224609375,-131.96238708496094,-1.2781448364257812
31,204.5434112548828,-130.963623046875,-1.2715959548950195
31,247.76918029785156,-116.58841705322266,-0.8428864479064941
31,258.3780822753906,-113.0407485961914,-0.7763075828552246
31,259.9505615234375,-111.67090606689453,-0.7940006256103516
31,274.2883605957031,-105.01667785644531,-0.7275476455688477
31,287.5960388183594,-96.8880615234375,-0.8380661010742188
31,345.412353515625,-60.742347717285156,-1.501558542251587
31,347.76885986328125,-59.245582580566406,-1.4860057830810547
31,349.12615966796875,-58.10919189453125,-1.5525240898132324
31,349.37078857421875,-56.21409606933594,-1.6396946907043457
31,348.1733703613281,-53.93653106689453,-1.713697910308838
32,110.95012664794922,-332.29638671875,-2.224179267883301
32,117.05326080322266,-341.8319091796875,-2.2885265350341797
32,119.34736633300781,-342.56439208984375,-2.347635269165039
32,122.72738647460938,-343.5838317871094,-2.3405723571777344
32,124.4477767944336,-343.5361633300781,-2.239004611968994
32,130.2636260986328,-340.8837890625,-2.0773324966430664
32,137.1760711669922,-337.61004638671875,-1.7559528350830078
32,145.63632202148438,-334.9289245605469,-1.3201007843017578
32,153.9137420654297,-334.12200927734375,-1.0900864601135254
32,161.54470825195312,-334.0484619140625,-1.0521526336669922
32,167.561279296875,-334.7795715332031,-0.8717117309570312
32,173.80276489257812,-335.9563293457031,-0.6563663482666016
32,174.63470458984375,-335.8448486328125,-0.6556100845336914
32,175.73878479003906,-335.15167236328125,-0.6575088500976562
32,176.82359313964844,-333.733154296875,-0.5932221412658691
32,178.45542907714844,-329.9383544921875,-0.455197811126709
33,182.2958984375,-324.99505615234375,-0.35219573974609375
33,188.58607482910156,-335.2553405761719,-0.3652667999267578
33,190.73658752441406,-337.8584289550781,-0.3310670852661133
33,193.0200653076172,-338.9742126464844,-0.3142509460449219
33,214.2632293701172,-342.10137939453125,0.2358102798461914
33,215.45091247558594,-342.32843017578125,0.3179492950439453
33,216.6864013671875,-341.6278381347656,0.40021514892578125
33,218.6234588623047,-339.8680114746094,0.4807291030883789
33,221.40309143066406,-335.7001953125,0.6213951110839844
34,230.0078125,-334.72186279296875,1.0185222625732422
34,224.34637451171875,-340.37646484375,0.6519279479980469
34,226.0615997314453,-342.8804626464844,0.5944328308105469
34,226.61737060546875,-343.8067932128906,0.5273933410644531
34,251.3028564453125,-347.6543884277344,0.7718262672424316
34,252.0203094482422,-347.71429443359375,0.9176836013793945
34,252.86013793945312,-346.7547607421875,0.9316520690917969
34,254.0001678466797,-344.6357116699219,0.9856033325195312
35,258.2098083496094,-341.6526794433594,1.518601894378662
35,257.34063720703125,-345.5166931152344,1.0947237014770508
35,258.3018798828125,-346.9001770019531,1.0114631652832031
35,258.5382385253906,-348.5691833496094,1.0410537719726562
35,259.3708190917969,-348.88372802734375,0.9927420616149902
35,272.055419921875,-350.8442077636719,1.1349716186523438
35,277.05023193359375,-351.46527099609375,1.2477989196777344
35,281.9069519042969,-351.3950500488281,1.2948875427246094
35,286.8457336425781,-350.8575439453125,1.3464984893798828
35,291.6059265136719,-349.6094970703125,1.2747602462768555
35,297.35986328125,-347.26251220703125,1.2681794166564941
35,301.5381774902344,-344.9194641113281,1.2040863037109375
35,306.0152282714844,-341.5115966796875,1.1849570274353027
35,334.9056091308594,-315.7163391113281,0.4667778015136719
35,335.90447998046875,-314.45892333984375,0.38602781295776367
35,336.2282409667969,-313.0079040527344,0.47387027740478516
35,334.28509521484375,-309.4166564941406,0.8086543083190918
36,265.6077880859375,-358.981689453125,1.2245373725891113
36,278.2574768066406,-359.9150085449219,1.400048017501831
36,282.9686279296875,-359.9716796875,1.6466155052185059
36,293.2241516113281,-358.1330871582031,1.4811553955078125
36,303.4651184082031,-353.43426513671875,1.4441895484924316
36,314.7503967285156,-345.05645751953125,1.2666754722595215
36,324.5904846191406,-336.39501953125,0.9401888847351074
36,337.15545654296875,-325.2369079589844,0.6447923183441162
36,348.9579772949219,-314.6782531738281,0.5705575942993164
36,360.5627746582031,-304.3637390136719,0.5138387680053711
36,379.44696044921875,-288.03265380859375,0.618375301361084
36,390.37176513671875,-281.27044677734375,0.822296142578125
36,403.8281555175781,-272.6197509765625,0.8791723251342773
36,431.19500732421875,-255.15914916992188,0.962993860244751
36,443.71728515625,-247.3278045654297,1.0810413360595703
36,460.34661865234375,-236.74363708496094,1.0580472946166992
36,463.9774475097656,-238.6894989013672,1.3024406433105469
36,467.95880126953125,-244.453125,1.6055793762207031
37,336.05615234375,-305.8666687011719,1.034836769104004
37,337.62042236328125,-309.39306640625,0.5497422218322754
37,339.3396911621094,-310.2601623535156,0.4515724182128906
37,341.0736999511719,-310.2135925292969,0.334348201751709
37,369.6298828125,-284.8221740722656,0.2975454330444336
37,373.26446533203125,-282.0561218261719,0.4287581443786621
37,379.23199462890625,-277.94879150390625,0.5379867553710938
37,407.75347900390625,-259.82666015625,0.7370779514312744
37,408.6680908203125,-259.14422607421875,0.7242403030395508
37,408.8787841796875,-258.1502380371094,0.7210593223571777
37,408.53369140625,-256.1461181640625,0.8400249481201172
38,423.9125671386719,-245.47865295410156,0.7264308929443359
38,427.4684143066406,-247.1236114501953,0.8252534866333008
38,429.30694580078125,-246.26976013183594,0.7455644607543945
38,442.0101623535156,-237.9878387451172,0.7800102233886719
38,445.1164855957031,-235.2992706298828,0.7907905578613281
38,447.1299133300781,-232.57418823242188,0.7545008659362793
38,448.56121826171875,-229.9738006591797,0.7516894340515137
38,449.638916015625,-227.04290771484375,0.7760534286499023
38,450.0029296875,-224.26031494140625,0.7873086929321289
38,450.16107177734375,-218.60899353027344,0.7114839553833008
38,448.5330810546875,-213.6597442626953,0.7005023956298828
38,447.80535888671875,-211.93601989746094,0.6081256866455078
38,398.76104736328125,-133.83157348632812,0.4357423782348633
38,398.2694396972656,-133.36119079589844,0.45183277130126953
38,397.3406982421875,-133.25274658203125,0.4569740295410156
38,396.4403991699219,-133.4554443359375,0.49460506439208984
39,393.8499450683594,-131.24339294433594,0.48575305938720703
39,394.6087646484375,-130.4759521484375,0.37596988677978516
39,395.35748291015625,-129.33804321289062,0.3791313171386719
39,395.1369934082031,-128.3096160888672,0.4225177764892578
39,390.7084655761719,-121.18562316894531,0.4203004837036133
39,390.1554870605469,-120.63677215576172,0.36945247650146484
39,389.31341552734375,-120.50861358642578,0.3634471893310547
39,388.0150451660156,-120.66182708740234,0.4408149719238281
40,382.9523620605469,-114.44597625732422,0.22318172454833984
40,384.3098449707031,-113.50519561767578,0.17765426635742188
40,384.8837585449219,-111.84014129638672,0.18294334411621094
40,360.2270202636719,-72.48096466064453,-0.8373410701751709
40,358.6186218261719,-70.35877227783203,-0.9077565670013428
41,480.1824645996094,-230.31195068359375,1.9512701034545898
41,473.527099609375,-232.9184112548828,1.5848846435546875
41,470.93511962890625,-232.5356903076172,1.2673606872558594
41,469.0596618652344,-230.55113220214844,1.0719413757324219
41,443.5855407714844,-189.0369873046875,0.45603132247924805
41,444.57757568359375,-187.4730682373047,0.3983616828918457
41,447.82110595703125,-185.6972198486328,0.4576892852783203
42,442.3020935058594,-185.36846923828125,0.3851795196533203
42,417.00946044921875,-147.05035400390625,0.32640981674194336
42,387.32183837890625,-99.77035522460938,0.07323408126831055
42,366.0585021972656,-66.1997299194336,-1.00978422164917
42,365.627197265625,-64.93898010253906,-1.0749378204345703
42,365.50885009765625,-62.81605529785156,-1.1738319396972656
42,366.0172424316406,-60.09099578857422,-1.318678379058838
42,367.01116943359375,-58.364017486572266,-1.3078970909118652
42,368.7327575683594,-56.91535186767578,-1.332674503326416
43,361.9963073730469,-50.826988220214844,-1.752690315246582
43,358.52130126953125,-52.95389175415039,-1.6927804946899414
43,357.02801513671875,-52.4669189453125,-1.7388925552368164
43,345.9619445800781,-35.20256042480469,-2.4003829956054688
43,298.42327880859375,37.922035217285156,-5.833754539489746
43,298.0770263671875,39.134952545166016,-5.833141803741455
43,298.5466613769531,40.71999740600586,-5.958505630493164
43,299.5035095214844,41.639060974121094,-5.7871174812316895
43,302.437744140625,43.43675994873047,-5.94444465637207
44,348.0519714355469,-53.84506607055664,-1.6903314590454102
44,330.6846618652344,-27.311111450195312,-2.566532611846924
44,329.5538330078125,-27.416088104248047,-2.4857473373413086
44,327.5986022949219,-28.83365249633789,-2.271256446838379
45,323.2705383300781,-25.537839889526367,-2.352231979370117
45,326.2701721191406,-23.352142333984375,-2.6652064323425293
45,327.0160217285156,-21.808752059936523,-2.757671356201172
45,326.2598876953125,-20.45203399658203,-2.894160270690918
45,312.92352294921875,0.23944556713104248,-3.8548550605773926
45,312.1478271484375,1.1475591659545898,-3.8268284797668457
45,310.9744873046875,1.5254583358764648,-3.85756254196167
45,309.7442932128906,1.6612138748168945,-3.903029441833496
45,307.594482421875,0.4710359573364258,-3.8693196773529053
46,302.53900146484375,3.227318286895752,-4.04052734375
46,306.2222900390625,5.54410457611084,-4.053032875061035
46,306.9106140136719,6.831368923187256,-4.127950668334961
46,307.41455078125,8.457236289978027,-4.307147026062012
46,305.93463134765625,10.835111618041992,-4.448402404785156
46,286.3451843261719,40.75365447998047,-5.933893203735352
46,279.63702392578125,51.162349700927734,-6.534939765930176
46,274.44476318359375,59.24250030517578,-6.945073127746582
46,270.94915771484375,64.3912124633789,-6.932886600494385
46,268.73687744140625,67.84639739990234,-6.927823543548584
46,265.3844299316406,72.97219848632812,-6.809832572937012
46,256.6573791503906,86.46066284179688,-6.3120012283325195
46,250.76406860351562,95.83631134033203,-6.044626712799072
46,240.8777618408203,110.55157470703125,-5.525862693786621
46,236.1798095703125,117.77922058105469,-5.256107807159424
46,235.26678466796875,118.73664093017578,-5.214273929595947
46,234.1447296142578,118.54486083984375,-5.125718593597412
46,232.28900146484375,117.29308319091797,-4.839305400848389
47,298.1218566894531,38.44775390625,-5.935285568237305
47,284.8769226074219,58.78026580810547,-6.909207344055176
47,282.0428161621094,63.13676071166992,-7.141118049621582
47,274.8191223144531,74.2542495727539,-7.104157447814941
47,242.5516357421875,123.54415130615234,-5.490033149719238
47,233.85438537597656,135.65982055664062,-5.035967826843262
47,230.07247924804688,139.56973266601562,-4.865116119384766
47,228.0316925048828,145.9459991455078,-4.625727653503418
47,227.00514221191406,151.7351837158203,-4.341094493865967
47,226.67893981933594,160.55223083496094,-4.056666374206543
48,227.45297241210938,120.94772338867188,-4.801823616027832
48,231.430419921875,123.54479217529297,-4.955975532531738
48,231.706787109375,124.53862762451172,-4.985837936401367
48,228.24977111816406,129.13702392578125,-4.822150230407715
48,222.77972412109375,135.5695037841797,-4.535175323486328
48,216.8539276123047,141.42340087890625,-4.2921342849731445
48,206.7539825439453,150.37710571289062,-3.8662734031677246
48,198.5565948486328,156.53260803222656,-3.7476954460144043
48,190.24459838867188,162.56398010253906,-3.452253580093384
48,181.4718475341797,168.6509246826172,-3.222102403640747
48,173.27796936035156,173.88787841796875,-3.1392431259155273
48,160.82803344726562,180.42408752441406,-3.386333465576172
48,152.44525146484375,183.79315185546875,-3.555295467376709
48,141.40036010742188,187.69691467285156,-3.612489700317383
48,126.52030181884766,192.5814208984375,-3.834883689880371
48,113.15231323242188,196.5317840576172,-4.01481819152832
48,105.7359619140625,198.34815979003906,-4.111706733703613
48,97.32593536376953,200.4600372314453,-4.16481876373291
48,90.06637573242188,201.750244140625,-4.226053237915039
48,79.96195983886719,203.23085021972656,-4.224742412567139
48,72.55027770996094,203.9604949951172,-4.139847278594971
48,58.74058151245117,204.44578552246094,-4.4509663581848145
48,51.95807647705078,203.9659881591797,-4.575314521789551
48,44.90938949584961,202.75265502929688,-4.540650844573975
48,37.26677322387695,200.5352020263672,-4.683189392089844
48,29.13095474243164,197.45469665527344,-4.692256927490234
48,20.447416305541992,193.343994140625,-4.73436164855957
48,11.478423118591309,188.0562286376953,-4.910589694976807
48,-59.245452880859375,141.6868133544922,-6.561116695404053
48,-61.04005432128906,139.75526428222656,-6.523542881011963
48,-61.63300323486328,137.88436889648438,-6.287330627441406
48,-59.98070526123047,134.61192321777344,-6.098057746887207
49,222.5816650390625,174.29364013671875,-4.645611763000488
49,217.6719207763672,167.28111267089844,-4.46577262878418
49,212.27774047851562,165.07315063476562,-4.255152225494385
49,207.58181762695312,164.3407440185547,-4.018095016479492
49,202.0584716796875,164.38809204101562,-3.8412580490112305
49,179.1343231201172,180.37527465820312,-3.499305486679077
49,169.2550506591797,185.85980224609375,-3.7509307861328125
49,159.7986602783203,189.9816436767578,-3.894551992416382
49,149.34072875976562,194.0066680908203,-4.045952320098877
49,138.8632354736328,197.62820434570312,-4.169097423553467
49,126.26605224609375,201.59906005859375,-4.269721984863281
49,120.53865814208984,202.5857391357422,-4.22386360168457
49,109.35161590576172,205.8670196533203,-4.426599979400635
49,93.6501235961914,209.13160705566406,-4.54676628112793
49,85.06281280517578,210.7465362548828,-4.6454758644104
49,70.23761749267578,212.26205444335938,-4.722070217132568
49,60.35546112060547,212.3120880126953,-4.822745323181152
49,49.64778137207031,211.23477172851562,-4.976799964904785
49,38.143402099609375,208.946044921875,-5.076764106750488
49,31.811416625976562,207.0019073486328,-5.09921407699585
49,22.809001922607422,203.28773498535156,-5.090068817138672
49,19.17997169494629,201.6821746826172,-5.129274368286133
49,7.721476078033447,195.7900390625,-5.310036659240723
49,-5.242417335510254,187.5601043701172,-5.625491142272949
49,-63.024383544921875,149.64561462402344,-7.105043411254883
49,-64.7456283569336,149.65109252929688,-7.154545783996582
49,-66.55799102783203,151.34869384765625,-7.274237632751465
49,-71.75556945800781,159.63307189941406,-7.443399429321289
50,-75.82929229736328,152.56674194335938,-7.502042770385742
50,-72.7352066040039,147.62977600097656,-7.353613376617432
50,-72.7767105102539,144.144287109375,-7.36013650894165
50,-72.9515151977539,143.05087280273438,-7.371207237243652
50,-77.72431945800781,139.8104705810547,-7.5268635749816895
50,-112.05647277832031,117.24125671386719,-8.586371421813965
50,-112.92131805419922,117.24164581298828,-8.666701316833496
50,-115.46142578125,118.05885314941406,-8.618989944458008
50,-117.5974349975586,121.70262145996094,-8.511518478393555
51,-63.77529525756836,130.25576782226562,-6.040506362915039
51,-66.26862335205078,133.82505798339844,-6.418296813964844
51,-67.70874786376953,134.57708740234375,-6.595551490783691
51,-69.28424072265625,134.5870361328125,-6.841916084289551
51,-71.3912353515625,133.739013671875,-7.023983955383301
51,-78.04893493652344,129.36148071289062,-7.0280914306640625
51,-93.36602020263672,119.27336120605469,-7.570302963256836
51,-111.85293579101562,107.06869506835938,-8.232232093811035
51,-117.2269515991211,103.60676574707031,-8.46535873413086
51,-122.16182708740234,100.9272689819336,-8.72654914855957
51,-128.22853088378906,97.98428344726562,-9.031414985656738
51,-130.5112762451172,97.17091369628906,-9.075124740600586
51,-131.38589477539062,96.28657531738281,-9.078927993774414
51,-131.83102416992188,94.49378967285156,-8.993597030639648
51,-131.9702911376953,91.457763671875,-8.832860946655273
51,-129.77175903320312,87.91410064697266,-8.496604919433594
52,-125.80269622802734,118.14117431640625,-8.600520133972168
52,-123.56423950195312,112.9549560546875,-8.970010757446289
52,-123.88063049316406,110.56434631347656,-9.185250282287598
52,-125.062744140625,108.75348663330078,-9.253267288208008
52,-131.239990234375,105.21021270751953,-9.486506462097168
52,-142.716552734375,105.62903594970703,-10.394599914550781
52,-142.68637084960938,107.16657257080078,-10.308696746826172
53,-222.83969116210938,-76.49928283691406,-13.553757667541504
53,-222.02133178710938,-76.41557312011719,-13.516783714294434
53,-220.11788940429688,-75.32489013671875,-13.482030868530273
53,-180.5114288330078,-52.07756042480469,-12.444232940673828
53,-174.99459838867188,-48.70045471191406,-12.279264450073242
53,-168.96041870117188,-45.5905876159668,-12.122917175292969
53,-161.71580505371094,-43.42796325683594,-11.880210876464844
53,-150.7367706298828,-41.80879592895508,-11.484841346740723
53,-143.74049377441406,-42.08091354370117,-11.226726531982422
53,-136.25205993652344,-43.465065002441406,-10.94526481628418
53,-127.58982849121094,-46.328651428222656,-10.5157470703125
53,-120.5099868774414,-49.951438903808594,-10.216424942016602
53,-112.4551773071289,-55.89778137207031,-9.783344268798828
53,-106.43634796142578,-62.36748504638672,-9.426573753356934
53,-99.72720336914062,-72.60157775878906,-9.036224365234375
53,-97.10721588134766,-78.92172241210938,-8.893289566040039
53,-93.1165771484375,-84.48023223876953,-8.738385200500488
53,-87.55443572998047,-89.41658020019531,-8.545099258422852
53,-79.01261138916016,-93.03082275390625,-8.427318572998047
53,-68.63147735595703,-96.2556381225586,-8.341808319091797
53,-64.32217407226562,-96.49047088623047,-8.332235336303711
53,-61.236629486083984,-95.72230529785156,-8.431926727294922
53,-31.7894287109375,-77.28726959228516,-9.660324096679688
53,-23.7662410736084,-72.73841857910156,-9.424793243408203
53,-10.97787094116211,-61.498531341552734,-8.192952156066895
54,-218.38555908203125,-87.48748016357422,-13.004313468933105
54,-218.30862426757812,-85.72954559326172,-13.04314136505127
54,-217.48065185546875,-83.81646728515625,-12.989913940429688
54,-216.9788360595703,-82.76728057861328,-13.092612266540527
54,-211.94821166992188,-79.81173706054688,-12.961919784545898
54,-174.66580200195312,-57.62705993652344,-12.006837844848633
54,-170.27545166015625,-55.239952087402344,-11.847919464111328
54,-165.53607177734375,-52.995243072509766,-11.655784606933594
54,-160.21302795410156,-51.449764251708984,-11.453104972839355
54,-153.30421447753906,-50.29364013671875,-11.225838661193848
54,-145.42239379882812,-50.194950103759766,-10.924112319946289
54,-139.4234161376953,-51.04472351074219,-10.688332557678223
54,-134.840576171875,-52.20787811279297,-10.482719421386719
54,-129.96888732910156,-53.94636917114258,-10.268561363220215
54,-125.63807678222656,-56.148963928222656,-10.042449951171875
54,-121.1963882446289,-59.269378662109375,-9.753826141357422
54,-115.32676696777344,-64.50875854492188,-9.572973251342773
54,-109.74826049804688,-71.7524185180664,-9.19766902923584
54,-106.74612426757812,-77.0654296875,-9.085349082946777
54,-105.39311218261719,-82.15303802490234,-8.97037124633789
54,-101.69634246826172,-86.84354400634766,-8.80742359161377
54,-98.0824203491211,-90.79037475585938,-8.699936866760254
54,-94.3934555053711,-94.10005187988281,-8.528249740600586
54,-90.55693054199219,-96.88929748535156,-8.48471450805664
54,-90.03271484375,-97.90470123291016,-8.53731632232666
54,-91.0003662109375,-99.92110443115234,-8.538406372070312
55,-91.82342529296875,-105.12408447265625,-8.465575218200684
55,-85.04168701171875,-100.13615417480469,-8.337940216064453
55,-83.2641830444336,-99.9967269897461,-8.242473602294922
55,-79.12853240966797,-101.54246520996094,-8.154476165771484
55,-72.3740005493164,-102.89311981201172,-8.081365585327148
55,-69.17718505859375,-105.19951629638672,-7.975628852844238
55,-70.21102142333984,-107.51165771484375,-7.804121017456055
56,-63.049644470214844,-102.89584350585938,-8.023176193237305
56,-37.575927734375,-86.93392944335938,-9.316751480102539
56,-36.645484924316406,-87.50235748291016,-9.523216247558594
56,-35.64505386352539,-89.03026580810547,-9.864984512329102
57,-31.165185928344727,-88.69438934326172,-10.597002029418945
57,-33.489376068115234,-85.00959777832031,-9.44240665435791
57,-26.562580108642578,-80.59481048583984,-9.062393188476562
57,-21.988386154174805,-78.62179565429688,-9.402910232543945
57,-17.190013885498047,-83.87092590332031,-8.923908233642578