id,x,y,z
1,-114.6353759765625,58.953922271728516,-6.954940319061279
1,-125.65919494628906,75.65259552001953,-7.866698741912842
2,-114.41658782958984,59.020809173583984,-6.947339057922363
2,-125.47055053710938,75.8587875366211,-7.895914077758789
3,-148.97898864746094,100.38574981689453,-10.609931945800781
3,-152.77590942382812,100.4907455444336,-10.935887336730957
3,-156.0424041748047,100.3787841796875,-11.191899299621582
3,-160.68878173828125,99.68762969970703,-11.554605484008789
3,-162.83663940429688,99.21031188964844,-11.67681884765625
3,-165.1090087890625,98.55595397949219,-11.852577209472656
3,-167.8675537109375,97.44222259521484,-12.032690048217773
4,-148.8188934326172,100.6744613647461,-10.615575790405273
4,-152.85552978515625,100.81543731689453,-10.947102546691895
4,-156.1138153076172,100.67029571533203,-11.214884757995605
4,-160.8024139404297,99.96818542480469,-11.564762115478516
4,-163.06640625,99.40890502929688,-11.712701797485352
4,-165.33529663085938,98.78961181640625,-11.816423416137695
4,-168.1113739013672,97.63063049316406,-12.04118824005127
5,-171.35523986816406,96.29004669189453,-12.27627182006836
5,-175.07781982421875,94.55443572998047,-12.483555793762207
6,-179.21694946289062,92.28974914550781,-12.728879928588867
6,-182.74826049804688,90.06791687011719,-12.92884349822998
7,-187.49693298339844,86.56964874267578,-13.172677993774414
7,-190.6607208251953,84.06652069091797,-13.295435905456543
8,-195.33291625976562,80.27642059326172,-13.519783020019531
8,-197.91639709472656,78.21354675292969,-13.623655319213867
9,-203.38682556152344,73.48505401611328,-13.899885177612305
9,-206.08908081054688,71.2457504272461,-14.02989387512207
10,-210.7935028076172,67.23097229003906,-14.209009170532227
10,-213.50238037109375,64.86048126220703,-14.327195167541504
11,-217.79885864257812,61.095191955566406,-14.529343605041504
11,-220.38583374023438,58.8656005859375,-14.677443504333496
12,-225.81790161132812,53.69648361206055,-14.944211959838867
12,-227.9922637939453,51.58057403564453,-15.076080322265625
13,-232.05923461914062,46.561405181884766,-15.243160247802734
13,-233.75079345703125,43.905601501464844,-15.299819946289062
14,-237.07650756835938,37.657588958740234,-15.442243576049805
14,-238.55422973632812,34.331485748291016,-15.492128372192383
15,-240.892822265625,28.446388244628906,-15.55517578125
15,-242.29238891601562,24.53403091430664,-15.591880798339844
16,-244.13156127929688,18.9584903717041,-15.630990028381348
16,-245.01429748535156,15.993861198425293,-15.640318870544434
17,-246.74118041992188,9.471336364746094,-15.668282508850098
17,-247.36239624023438,5.687119007110596,-15.65553092956543
18,-247.82290649414062,-0.9754899740219116,-15.578765869140625
18,-247.7255096435547,-4.403998851776123,-15.61134147644043
19,-247.4149627685547,-11.270225524902344,-15.529655456542969
19,-247.1970672607422,-14.439455032348633,-15.484493255615234
20,-246.57493591308594,-20.56388282775879,-15.368803024291992
20,-246.14772033691406,-24.4627742767334,-15.28944206237793
21,-245.45982360839844,-30.511751174926758,-15.255352973937988
21,-245.0105438232422,-34.02237319946289,-15.095412254333496
22,-243.90921020507812,-40.916786193847656,-15.0135498046875
22,-243.4403839111328,-44.42265319824219,-14.925167083740234
23,-242.25621032714844,-50.372589111328125,-14.779207229614258
23,-241.31991577148438,-54.13664627075195,-14.688665390014648
24,-239.4857177734375,-60.395774841308594,-14.519364356994629
24,-238.3557586669922,-63.465824127197266,-14.432743072509766
24,-237.68899536132812,-65.30177307128906,-14.371173858642578
24,-237.19618225097656,-66.67955017089844,-14.244083404541016
24,-236.6180419921875,-67.82423400878906,-14.293259620666504
24,-235.8113250732422,-69.45733642578125,-14.225082397460938
24,-234.97784423828125,-71.04642486572266,-14.173600196838379
24,-233.72804260253906,-73.12174224853516,-14.068950653076172
24,-232.54022216796875,-74.90321350097656,-13.893441200256348
24,-230.67845153808594,-77.49795532226562,-13.846098899841309
25,-239.1903839111328,-60.22457504272461,-14.517217636108398
25,-238.11447143554688,-63.41472625732422,-14.426656723022461
25,-237.34542846679688,-65.29888153076172,-14.369747161865234
25,-236.24545288085938,-67.710693359375,-14.274810791015625
25,-234.70037841796875,-70.89264678955078,-14.068635940551758
25,-233.3073272705078,-73.19599914550781,-13.976585388183594
25,-230.40435791015625,-77.49995422363281,-13.834455490112305
26,-219.38623046875,-91.625,-12.899911880493164
26,-210.59181213378906,-103.02803802490234,-12.195150375366211
27,-219.60488891601562,-91.82685852050781,-12.917851448059082
27,-210.7709503173828,-103.25785064697266,-12.188981056213379
28,-204.28387451171875,-110.98538970947266,-11.678417205810547
28,-190.57351684570312,-128.8114776611328,-10.524994850158691
29,-204.45693969726562,-111.1890640258789,-11.679875373840332
29,-190.8011016845703,-129.0337371826172,-10.497136116027832
30,-186.2594451904297,-134.62847900390625,-10.15091609954834
30,-184.0354766845703,-137.4589385986328,-9.98123550415039
31,-180.43081665039062,-142.20928955078125,-9.718506813049316
31,-178.10012817382812,-145.3267364501953,-9.525293350219727
32,-174.3265380859375,-150.18496704101562,-9.255739212036133
32,-172.29335021972656,-152.9235382080078,-9.07474136352539
33,-168.12176513671875,-158.58103942871094,-8.733428955078125
33,-166.5093994140625,-160.6040802001953,-8.60343074798584
34,-162.87290954589844,-165.78697204589844,-8.290643692016602
34,-161.12808227539062,-168.63319396972656,-8.14022445678711
35,-158.12490844726562,-174.6058807373047,-7.808534622192383
35,-156.980712890625,-177.98126220703125,-7.6661810874938965
36,-155.37811279296875,-183.30677795410156,-7.490127086639404
36,-154.80494689941406,-186.59521484375,-7.320093631744385
37,-153.62855529785156,-193.1038055419922,-7.0327982902526855
37,-153.1220703125,-195.86651611328125,-6.926663398742676
38,-152.0514678955078,-202.20640563964844,-6.701560020446777
38,-151.39369201660156,-206.01882934570312,-6.552382469177246
39,-150.56631469726562,-211.21334838867188,-6.377734184265137
39,-149.9190216064453,-214.9161834716797,-6.229881763458252
40,-148.91127014160156,-220.97470092773438,-6.030532360076904
40,-148.40322875976562,-224.4425048828125,-5.861366271972656
41,-147.33995056152344,-230.11361694335938,-5.694209575653076
41,-146.62973022460938,-234.22970581054688,-5.564464569091797
42,-145.64865112304688,-240.2494659423828,-5.331681251525879
42,-145.04107666015625,-243.5252685546875,-5.222145080566406
43,-144.0143585205078,-250.22288513183594,-5.008022308349609
43,-143.5867919921875,-253.04165649414062,-4.935218811035156
44,-142.45558166503906,-259.8609313964844,-4.730294704437256
44,-141.84840393066406,-263.2454528808594,-4.700603008270264
45,-140.90098571777344,-268.52337646484375,-4.518938064575195
45,-140.2954559326172,-272.2084045410156,-4.400551795959473
46,-139.14295959472656,-279.0682678222656,-4.4045610427856445
46,-138.65017700195312,-282.2132873535156,-4.333524227142334
47,-137.57301330566406,-288.81561279296875,-4.240367889404297
47,-137.13706970214844,-291.7177734375,-4.189623832702637
48,-136.13417053222656,-298.1402587890625,-4.0847015380859375
48,-135.56155395507812,-301.75439453125,-4.04171895980835
49,-134.72659301757812,-308.24664306640625,-3.9813590049743652
49,-134.45411682128906,-310.3443908691406,-3.9458467960357666
50,-133.95907592773438,-317.6163635253906,-3.954951286315918
50,-133.8883819580078,-322.2409362792969,-3.9063796997070312
51,-134.19195556640625,-328.712158203125,-3.900125026702881
51,-134.5185089111328,-332.76416015625,-3.896904945373535
52,-135.14993286132812,-338.3599548339844,-3.895591974258423
52,-135.5795440673828,-341.8524169921875,-3.867859363555908
53,-136.4244384765625,-348.2782287597656,-3.8473219871520996
53,-136.81845092773438,-351.1056213378906,-3.8958301544189453
54,-138.9044952392578,-368.0661926269531,-3.8403983116149902
54,-139.25119018554688,-370.9109802246094,-3.7795488834381104
55,-139.940185546875,-377.6037292480469,-3.8503451347351074
55,-140.10049438476562,-378.99591064453125,-3.8405752182006836
55,-140.15086364746094,-380.3305969238281,-3.8617708683013916
56,-134.15505981445312,-406.2477722167969,-3.5394747257232666
56,-133.3430633544922,-407.8778991699219,-3.42850923538208
56,-132.2948455810547,-409.7068176269531,-3.474915027618408
56,-131.4128875732422,-411.2259521484375,-3.4670310020446777
56,-123.87445068359375,-422.91748046875,-3.192878246307373
57,-134.4593963623047,-406.2132873535156,-3.569286823272705
57,-133.66905212402344,-408.0074462890625,-3.433253765106201
57,-132.5967559814453,-409.9697265625,-3.470789909362793
57,-131.69300842285156,-411.5056457519531,-3.459331512451172
57,-124.10416412353516,-423.24267578125,-3.180063247680664
58,-118.56792449951172,-431.0678405761719,-3.0418148040771484
58,-105.18595123291016,-451.1732482910156,-2.625615358352661
59,-118.90933227539062,-431.0755920410156,-3.008164882659912
59,-105.33721923828125,-451.5335693359375,-2.6227245330810547
60,-102.09587097167969,-455.4883117675781,-2.5391314029693604
60,-100.7190933227539,-457.6161804199219,-2.4943389892578125
60,-99.05149841308594,-459.6958923339844,-2.4307050704956055
61,-95.09113311767578,-463.9290466308594,-2.364023208618164
61,-92.42330169677734,-466.735595703125,-2.303112506866455
62,-87.80593872070312,-470.6869812011719,-2.2157392501831055
62,-85.26608276367188,-472.7771301269531,-2.2743887901306152
63,-81.9576416015625,-475.12457275390625,-2.1189913749694824
63,-79.61949920654297,-476.6749267578125,-2.078381061553955
63,-77.82391357421875,-477.76361083984375,-2.0183277130126953
64,32.050594329833984,-467.1604309082031,-0.8378255367279053
64,46.54192352294922,-457.0314025878906,-0.9469900131225586
65,32.20419692993164,-467.40728759765625,-0.8176114559173584
65,46.73249816894531,-457.2445983886719,-0.9497416019439697
66,66.97413635253906,-424.0187683105469,-0.21452546119689941
66,63.73694610595703,-404.56719970703125,0.17663097381591797
67,67.26778411865234,-424.0597839355469,-0.17172837257385254
67,64.02172088623047,-404.48114013671875,0.1580817699432373
68,62.68166732788086,-398.0896301269531,0.2720499038696289
68,62.11302947998047,-394.5917053222656,0.25960350036621094
69,52.7782096862793,-355.4233093261719,-3.3024110794067383
69,52.86299133300781,-351.94464111328125,-3.2747488021850586
70,53.588645935058594,-344.8887939453125,-3.165709972381592
70,54.139522552490234,-341.8381652832031,-3.042102336883545
71,55.64704513549805,-336.25384521484375,-2.9111547470092773
71,56.95222473144531,-332.4499206542969,-2.857867956161499
72,59.24522399902344,-325.8413391113281,-2.738494873046875
72,60.34909439086914,-323.03106689453125,-2.6996073722839355
73,62.84967041015625,-316.5379943847656,-2.5696487426757812
73,64.26118469238281,-313.2886657714844,-2.5114803314208984
74,78.7965087890625,-280.3593444824219,-1.896728515625
74,80.21336364746094,-276.9679260253906,-1.9062623977661133
75,82.29749298095703,-271.50494384765625,-1.8670552968978882
75,90.14995574951172,-252.75082397460938,-1.7694072723388672
76,82.5799789428711,-271.6264343261719,-1.843801736831665
76,90.45824432373047,-252.75730895996094,-1.7542794942855835
77,94.25176239013672,-243.00279235839844,-1.7770459651947021
77,103.24563598632812,-221.24765014648438,-1.7683236598968506
78,94.5195083618164,-243.151123046875,-1.7646938562393188
78,103.537841796875,-221.3080291748047,-1.7690919637680054
79,105.93992614746094,-215.287353515625,-1.7100701332092285
79,107.5614013671875,-211.5103302001953,-1.7175321578979492
80,109.7348861694336,-206.1528778076172,-1.6986126899719238
80,111.37893676757812,-202.10443115234375,-1.6899478435516357
81,113.67503356933594,-196.86094665527344,-1.6911988258361816
81,115.19459533691406,-193.23788452148438,-1.6695232391357422
82,118.00025939941406,-187.5446014404297,-1.7578620910644531
82,119.15472412109375,-185.67713928222656,-1.6682968139648438
82,120.08495330810547,-184.59640502929688,-1.644723892211914
83,125.28931427001953,-180.46339416503906,-1.4985384941101074
83,128.32235717773438,-178.6120147705078,-1.4895210266113281
84,134.43673706054688,-174.768310546875,-1.4264049530029297
84,136.93812561035156,-173.27395629882812,-1.4520344734191895
85,143.5821075439453,-169.13804626464844,-1.4176099300384521
85,159.29754638671875,-159.47389221191406,-1.3904690742492676
86,143.718994140625,-169.38311767578125,-1.4288212060928345
86,159.5866241455078,-159.72857666015625,-1.3760706186294556
87,167.77247619628906,-154.19866943359375,-1.3877267837524414
87,170.5051727294922,-152.5112762451172,-1.3485183715820312
88,208.18606567382812,-133.4512481689453,-1.159395456314087
88,220.79933166503906,-129.142578125,-1.0297441482543945
88,228.69798278808594,-126.55560302734375,-0.9069781303405762
89,208.14002990722656,-133.1287078857422,-1.3393299579620361
89,220.74496459960938,-128.85447692871094,-1.043482780456543
89,228.70523071289062,-126.25729370117188,-0.938438892364502
90,262.7637023925781,-114.84622192382812,-0.554980993270874
90,268.2646789550781,-112.48968505859375,-0.4857182502746582
90,271.96331787109375,-110.5992660522461,-0.5030431747436523
90,275.8365783691406,-108.58560180664062,-0.4887056350708008
90,282.7486267089844,-104.40489959716797,-0.5215556621551514
91,262.8086853027344,-115.14635467529297,-0.528754472732544
91,268.408447265625,-112.77291107177734,-0.4783608913421631
91,272.1631164550781,-110.8202133178711,-0.4725019931793213
91,276.0456237792969,-108.80790710449219,-0.4758213758468628
91,282.9846496582031,-104.5889663696289,-0.4992293119430542
92,288.7012023925781,-100.93018341064453,-0.5683504343032837
92,291.6910095214844,-99.08155822753906,-0.5939877033233643
93,297.1640625,-95.60177612304688,-0.6412785053253174
93,299.7765197753906,-94.00679779052734,-0.6615991592407227
94,305.7271423339844,-90.31038665771484,-0.7170093059539795
94,308.3162536621094,-88.67171478271484,-0.7531471252441406
95,313.84844970703125,-85.10637664794922,-0.8039512634277344
95,317.1119689941406,-83.15167999267578,-0.8134572505950928
96,322.62152099609375,-79.59272003173828,-0.8779537677764893
96,326.0256652832031,-77.5347671508789,-0.9188315868377686
97,331.1053161621094,-74.19866943359375,-0.9872275590896606
97,347.2877502441406,-63.99076461791992,-1.2311663627624512
98,331.27838134765625,-74.48482513427734,-0.9798489212989807
98,347.52178955078125,-64.18746185302734,-1.1960126161575317
99,71.26496887207031,-371.7691345214844,-3.5988855361938477
99,88.31647491455078,-363.89013671875,-3.2638375759124756
100,71.44275665283203,-371.95758056640625,-3.6017141342163086
100,88.5283203125,-364.0608825683594,-3.2470943927764893
101,93.68653106689453,-361.4297790527344,-3.0910730361938477
101,97.38033294677734,-359.7370300292969,-2.971971273422241
102,101.0576400756836,-358.0716552734375,-2.868689775466919
102,104.48601531982422,-356.4260559082031,-2.7526824474334717
103,111.36181640625,-353.2296142578125,-2.5321335792541504
103,113.4049301147461,-352.25653076171875,-2.442796230316162
104,120.36587524414062,-349.0493469238281,-2.2332286834716797
104,122.15447235107422,-348.12701416015625,-2.1647162437438965
105,128.6271209716797,-345.1745300292969,-1.9950056076049805
105,132.33409118652344,-343.4532165527344,-1.8665207386016846
106,137.54306030273438,-341.0502624511719,-1.7008395195007324
106,140.2349395751953,-339.8510437011719,-1.5908691883087158
107,147.0604248046875,-338.0603332519531,-1.326772689819336
107,150.52462768554688,-337.65673828125,-1.227731466293335
108,156.74009704589844,-337.1446228027344,-1.0404534339904785
108,158.34078979492188,-337.17425537109375,-1.0129880905151367
108,159.76583862304688,-337.2520751953125,-1.0383315086364746
108,161.03488159179688,-337.49835205078125,-0.9584217071533203
109,166.331298828125,-338.1494445800781,-0.8232364654541016
109,169.04067993164062,-338.57098388671875,-0.7347884178161621
110,176.15133666992188,-339.5677795410156,-0.5784854888916016
110,180.26548767089844,-340.2423400878906,-0.4626483917236328
111,186.05722045898438,-341.1683654785156,-0.30399227142333984
111,189.6528778076172,-341.65185546875,-0.15866565704345703
112,196.5277099609375,-342.7134704589844,-0.053243160247802734
112,201.47157287597656,-343.5397033691406,-0.006924629211425781
113,206.06634521484375,-344.1739196777344,0.16938066482543945
113,209.83311462402344,-344.7362365722656,0.2634758949279785
114,215.7471466064453,-345.63348388671875,0.40081167221069336
114,218.94171142578125,-346.13568115234375,0.5081243515014648
115,226.45944213867188,-347.2259521484375,0.639622688293457
115,229.43080139160156,-347.74371337890625,0.6883258819580078
116,235.48240661621094,-348.6557922363281,0.7541766166687012
116,238.72158813476562,-349.1430969238281,0.8285298347473145
117,245.85743713378906,-350.2381286621094,0.9022557735443115
117,248.13723754882812,-350.6451721191406,0.9391059875488281
118,255.2560577392578,-351.5252380371094,1.0449328422546387
118,263.5517578125,-352.76446533203125,1.155200481414795
119,255.1995086669922,-351.8120422363281,1.050032377243042
119,263.5460510253906,-353.052001953125,1.1661391258239746
120,278.611083984375,-354.9438781738281,1.4063231945037842
120,281.84478759765625,-354.8441467285156,1.4013671875
120,284.6453857421875,-354.5603942871094,1.4045089721679688
120,289.246826171875,-353.7617492675781,1.497483730316162
120,295.2572937011719,-351.8957824707031,1.4590673446655273
120,299.70867919921875,-349.98052978515625,1.4489059448242188
120,303.9022521972656,-347.317138671875,1.3925085067749023
120,307.2810974121094,-344.91961669921875,1.3619813919067383
120,309.0678405761719,-343.560546875,1.2644367218017578
121,278.6055603027344,-354.66082763671875,1.4006996154785156
121,281.9460144042969,-354.5706787109375,1.3992867469787598
121,284.66168212890625,-354.2107849121094,1.4317994117736816
121,289.18157958984375,-353.45123291015625,1.4774746894836426
121,295.23077392578125,-351.5461730957031,1.4653558731079102
121,299.97467041015625,-349.4480285644531,1.4274358749389648
121,303.6097106933594,-347.1652526855469,1.3812589645385742
121,308.853515625,-343.32794189453125,1.2640800476074219
122,319.42047119140625,-333.8966369628906,0.8959517478942871
122,321.9687194824219,-331.6133728027344,0.8554906845092773
123,324.6770935058594,-329.5537414550781,0.7738304138183594
123,327.58673095703125,-326.7798156738281,0.7546195983886719
124,332.43084716796875,-322.33856201171875,0.6587142944335938
124,334.1673583984375,-320.7364807128906,0.6064138412475586
125,339.4783935546875,-316.0626220703125,0.5115442276000977
125,341.9894104003906,-313.77252197265625,0.49570465087890625
126,346.95233154296875,-309.3729553222656,0.5098066329956055
126,348.69866943359375,-307.8557434082031,0.4741325378417969
127,354.3419189453125,-302.73773193359375,0.4342327117919922
127,356.935546875,-300.430908203125,0.46566247940063477
128,361.0678405761719,-296.7557373046875,0.41666126251220703
128,364.64849853515625,-293.4538269042969,0.5040092468261719
129,368.3582763671875,-290.0288391113281,0.4889359474182129
129,370.14739990234375,-288.4164123535156,0.5009059906005859
129,371.9023742675781,-286.9432678222656,0.5389595031738281
129,373.44488525390625,-285.7509765625,0.52899169921875
129,375.35504150390625,-284.4158020019531,0.5351147651672363
130,368.6238098144531,-290.1477355957031,0.554692268371582
130,370.3487854003906,-288.6484375,0.6287631988525391
130,372.2628173828125,-287.05072021484375,0.5544977188110352
130,373.432861328125,-286.1468200683594,0.5626144409179688
130,375.4292297363281,-284.7821350097656,0.569488525390625
131,380.125732421875,-281.1164855957031,0.5656356811523438
131,385.7550048828125,-277.5501403808594,0.6423945426940918
132,380.326416015625,-281.3695373535156,0.581777811050415
132,386.06024169921875,-277.7263488769531,0.5916142463684082
133,402.42437744140625,-267.0643005371094,0.8265671730041504
133,405.3874816894531,-265.2215881347656,0.8196468353271484
134,410.11138916015625,-262.1310729980469,0.8534893989562988
134,412.9349670410156,-260.3492431640625,0.8474211692810059
135,418.77618408203125,-256.6288146972656,0.8647313117980957
135,422.2579040527344,-254.32821655273438,0.8716230392456055
136,426.7351379394531,-251.53836059570312,0.8759565353393555
136,430.0116882324219,-249.4578094482422,0.9006452560424805
137,435.20361328125,-246.177978515625,0.8853766918182373
137,438.33538818359375,-244.25584411621094,0.8850669860839844
138,443.6097412109375,-240.777099609375,0.9139418601989746
138,446.8166809082031,-238.69239807128906,0.9620628356933594
139,455.25750732421875,-225.46502685546875,0.9205536842346191
139,455.3368225097656,-223.51271057128906,0.9168081283569336
139,455.154541015625,-222.0642852783203,0.8721904754638672
140,453.44134521484375,-216.00259399414062,0.8243474960327148
140,451.680908203125,-212.5179443359375,0.7496128082275391
141,448.5887756347656,-207.32687377929688,0.6789212226867676
141,446.664306640625,-204.15736389160156,0.6337399482727051
142,443.1622314453125,-198.46536254882812,0.5804972648620605
142,441.514404296875,-195.81268310546875,0.5914669036865234
143,432.06695556640625,-180.76658630371094,0.5166702270507812
143,430.57720947265625,-178.39051818847656,0.5249361991882324
144,427.14105224609375,-172.9606475830078,0.5530457496643066
144,424.8904113769531,-169.31381225585938,0.5452890396118164
145,421.53057861328125,-164.0373992919922,0.5402042865753174
145,419.7622375488281,-161.17857360839844,0.5212874412536621
146,416.4581298828125,-155.9542236328125,0.5529685020446777
146,414.05877685546875,-152.03472900390625,0.5447051525115967
147,410.8616943359375,-147.07081604003906,0.500603199005127
147,409.1730651855469,-144.26963806152344,0.5205373764038086
148,405.4864807128906,-138.4066925048828,0.5069446563720703
148,403.76287841796875,-135.6492919921875,0.490480899810791
149,400.4378662109375,-130.36216735839844,0.4405810832977295
149,398.22100830078125,-126.82891082763672,0.4312610626220703
150,394.949951171875,-121.74259185791016,0.4192185401916504
150,393.3777160644531,-119.14631652832031,0.3797950744628906
151,389.2776794433594,-112.57471466064453,0.33937811851501465
151,387.432861328125,-109.64381408691406,0.2926771640777588
152,383.9672546386719,-104.16107940673828,0.2081904411315918
152,382.1246337890625,-101.25480651855469,0.21169757843017578
153,378.6433410644531,-95.71360778808594,0.10517358779907227
153,376.7936096191406,-92.66053771972656,-0.020331382751464844
154,373.3863525390625,-87.59759521484375,-0.11854672431945801
154,362.8567810058594,-70.76288604736328,-0.8203043937683105
155,373.6237487792969,-87.498779296875,-0.12796080112457275
155,363.0246276855469,-70.55534362792969,-0.8129820823669434
156,351.1590576171875,-53.059326171875,-1.6545798778533936
156,340.9323425292969,-37.250732421875,-2.242598056793213
157,351.4650573730469,-53.056461334228516,-1.5932624340057373
157,341.1382751464844,-37.04475784301758,-2.25447416305542
158,336.6793518066406,-30.35821533203125,-2.477998733520508
158,334.9768981933594,-27.753337860107422,-2.5679872035980225
159,331.46710205078125,-22.359188079833984,-2.7471680641174316
159,329.95013427734375,-19.955053329467773,-2.8302412033081055
160,326.0572204589844,-14.275439262390137,-3.0653207302093506
160,323.9642639160156,-10.85903549194336,-3.1703226566314697
161,320.2538146972656,-5.132613182067871,-3.4659600257873535
161,318.271484375,-1.8880853652954102,-3.640624523162842
162,314.3353271484375,3.9757027626037598,-4.00091028213501
162,312.96942138671875,6.125402450561523,-4.0991058349609375
163,309.6630554199219,11.157419204711914,-4.377150535583496
163,307.6470031738281,14.367819786071777,-4.558975696563721
164,304.33953857421875,19.360177993774414,-4.824759483337402
164,302.2504577636719,22.56015968322754,-4.988903999328613
165,295.55523681640625,32.546600341796875,-5.530633926391602
165,287.7506408691406,44.65328598022461,-6.111412525177002
166,295.8424377441406,32.651153564453125,-5.526749134063721
166,288.0406799316406,44.757102966308594,-6.103797435760498
167,278.2432861328125,59.078369140625,-6.877368927001953
167,276.6504211425781,61.5740966796875,-6.943194389343262
167,274.5423278808594,64.85897827148438,-6.9409499168396
167,272.33526611328125,68.25662231445312,-6.913519859313965
167,269.3694152832031,72.79324340820312,-6.904238700866699
167,266.04443359375,77.95691680908203,-6.6813130378723145
168,278.5034484863281,59.20025634765625,-6.884294033050537
168,276.8563537597656,61.84265899658203,-6.940347194671631
168,274.7550964355469,65.12081146240234,-6.935506820678711
168,272.55810546875,68.55479431152344,-6.905378341674805
168,269.6325378417969,72.97327423095703,-6.855419158935547
168,266.2544250488281,78.14897155761719,-6.659658908843994
169,261.67657470703125,84.80781555175781,-6.498377799987793
169,259.97802734375,87.41825103759766,-6.383837699890137
170,256.45147705078125,92.95398712158203,-6.231345176696777
170,254.9507293701172,95.34510803222656,-6.17303466796875
171,250.8412628173828,101.57183074951172,-5.888444423675537
171,248.84823608398438,104.65734100341797,-5.81887149810791
172,245.56077575683594,109.64680480957031,-5.660252571105957
172,243.557373046875,112.76148223876953,-5.613131999969482
173,240.03602600097656,117.76915740966797,-5.374263286590576
173,235.36610412597656,124.7437515258789,-5.103725433349609
173,231.7569580078125,129.75054931640625,-4.917937755584717
173,228.37283325195312,134.12677001953125,-4.748523235321045
174,240.3567657470703,117.84357452392578,-5.38620138168335
174,235.63284301757812,124.81770324707031,-5.092788219451904
174,231.84022521972656,130.15476989746094,-4.912903785705566
174,228.5567626953125,134.3424072265625,-4.739956855773926
175,226.7500457763672,136.15480041503906,-4.664609909057617
175,222.48452758789062,141.12782287597656,-4.493852138519287
176,192.25357055664062,165.05081176757812,-3.5465621948242188
176,186.9546356201172,168.8441619873047,-3.4156579971313477
176,181.45480346679688,172.55101013183594,-3.2636070251464844
176,178.35748291015625,174.5426025390625,-3.252664089202881
177,192.55943298339844,165.15159606933594,-3.549927234649658
177,187.05072021484375,169.13417053222656,-3.4236230850219727
177,181.52378845214844,172.86134338378906,-3.2744064331054688
177,178.32228088378906,174.8538818359375,-3.2475082874298096
178,173.256103515625,177.74777221679688,-3.282815456390381
178,170.1425018310547,179.55645751953125,-3.3579587936401367
179,164.22378540039062,182.6435089111328,-3.4879953861236572
179,160.78729248046875,184.25779724121094,-3.548917293548584
180,155.2471923828125,186.35076904296875,-3.625708818435669
180,151.48731994628906,187.75442504882812,-3.6792075634002686
181,145.9527130126953,189.65101623535156,-3.7553048133850098
181,142.1357421875,191.03651428222656,-3.776958465576172
182,136.1925811767578,193.0326690673828,-3.8564071655273438
182,132.9766082763672,194.14999389648438,-3.9180521965026855
183,127.11510467529297,195.8577117919922,-3.959632396697998
183,118.76375579833984,198.25375366210938,-4.025265216827393
183,107.84420013427734,201.2881317138672,-4.172667026519775
184,127.18754577636719,196.13653564453125,-3.9655773639678955
184,118.65734100341797,198.5915985107422,-4.045241355895996
184,107.95719146728516,201.55323791503906,-4.180914402008057
185,99.1480712890625,203.16017150878906,-4.271213054656982
185,94.35164642333984,204.24874877929688,-4.305271148681641
186,99.25899505615234,203.45449829101562,-4.252638816833496
186,94.3742904663086,204.5487060546875,-4.319948196411133
187,83.32715606689453,206.05026245117188,-4.35426139831543
187,78.76004791259766,206.65199279785156,-4.3605241775512695
187,74.3134994506836,207.15634155273438,-4.393558502197266
188,83.45343017578125,206.3542938232422,-4.354802131652832
188,78.63212585449219,206.94473266601562,-4.359498977661133
188,74.3404769897461,207.4516143798828,-4.384932518005371
189,67.72847747802734,207.7884063720703,-4.4717793464660645
189,64.14422607421875,207.84744262695312,-4.527935981750488
190,57.473690032958984,207.7371368408203,-4.73194694519043
190,54.340702056884766,207.5511932373047,-4.666025638580322
191,47.93870544433594,206.64418029785156,-4.717548370361328
191,44.72161865234375,205.95941162109375,-4.7300190925598145
192,38.53752136230469,204.1493377685547,-4.892139434814453
192,33.12672805786133,202.4502410888672,-4.851686477661133
192,28.733566284179688,200.75416564941406,-4.838401794433594
192,24.41117286682129,198.79681396484375,-4.844081878662109
192,21.252471923828125,197.2615509033203,-4.858797550201416
193,38.660091400146484,204.44871520996094,-4.814380168914795
193,33.05443572998047,202.75770568847656,-4.864363670349121
193,28.581689834594727,201.0461883544922,-4.850337505340576
193,24.277629852294922,199.04554748535156,-4.85373592376709
193,21.17506980895996,197.5522003173828,-4.876750946044922
194,-1.4603246450424194,183.36053466796875,-5.237582206726074
194,-17.758487701416016,172.7434539794922,-5.555880546569824
195,-1.5720559358596802,183.644287109375,-5.249289512634277
195,-18.061107635498047,172.8360595703125,-5.569241046905518
196,-20.445343017578125,171.03311157226562,-5.625709533691406
196,-23.518152236938477,169.06210327148438,-5.706551551818848
197,-29.05866813659668,165.43215942382812,-5.853489875793457
197,-31.538198471069336,163.84463500976562,-5.897197723388672
198,-37.368682861328125,160.0503387451172,-6.0329694747924805
198,-40.74966049194336,157.83180236816406,-6.093130111694336
199,-45.661170959472656,154.55126953125,-6.189633369445801
199,-49.78268051147461,151.93663024902344,-6.295839309692383
200,-54.54487991333008,148.7525634765625,-6.442924976348877
200,-57.273460388183594,147.02163696289062,-6.555633068084717
201,-62.45474624633789,143.65628051757812,-6.749693393707275
201,-65.70421600341797,141.46810913085938,-6.8295087814331055
202,-70.10161590576172,138.5779266357422,-6.989387035369873
202,-74.33798217773438,135.76309204101562,-7.160840034484863
203,-79.23359680175781,132.55679321289062,-7.234224796295166
203,-82.4488296508789,130.45172119140625,-7.318108558654785
204,-87.16146850585938,127.32181549072266,-7.432859420776367
204,-90.23545837402344,125.34738159179688,-7.570693016052246
205,-95.72591400146484,121.6632308959961,-7.733633041381836
205,-98.8402328491211,119.66620635986328,-7.821475982666016
206,-104.14614868164062,116.15006256103516,-7.991590976715088
206,-107.17390441894531,114.13674926757812,-8.105011940002441
207,-114.06301879882812,109.74153137207031,-8.38145637512207
207,-120.23957824707031,105.84160614013672,-8.737934112548828
207,-123.34422302246094,104.03715515136719,-8.885730743408203
207,-125.72562408447266,102.63356018066406,-9.02871322631836
207,-127.53992462158203,101.84752655029297,-9.080358505249023
207,-129.55825805664062,100.9577865600586,-9.172983169555664
208,-113.9810791015625,109.47901916503906,-8.478019714355469
208,-119.68087768554688,105.90320587158203,-8.695368766784668
208,-123.1656494140625,103.83243560791016,-8.863019943237305
208,-125.73946380615234,102.35948181152344,-9.004375457763672
208,-129.34530639648438,100.78960418701172,-9.176572799682617
209,-220.05413818359375,-79.3333511352539,-13.355305671691895
209,-204.87741088867188,-70.27037048339844,-13.01391315460205
210,-219.95130920410156,-79.62983703613281,-13.341276168823242
210,-204.6777801513672,-70.57186889648438,-12.978156089782715
211,-198.12893676757812,-66.42230224609375,-12.811488151550293
211,-195.1460418701172,-64.58079528808594,-12.718372344970703
212,-188.81832885742188,-60.68287658691406,-12.548233032226562
212,-186.20968627929688,-59.156673431396484,-12.435758590698242
213,-180.2484130859375,-55.5790901184082,-12.287843704223633
213,-177.94015502929688,-54.205875396728516,-12.231237411499023
214,-172.3909149169922,-50.93095016479492,-12.049545288085938
214,-169.8788299560547,-49.66928482055664,-11.953055381774902
215,-162.6688995361328,-46.9155387878418,-11.723126411437988
215,-159.67117309570312,-46.250091552734375,-11.623706817626953
216,-153.67654418945312,-45.295814514160156,-11.411169052124023
216,-149.1871795654297,-45.12004852294922,-11.268159866333008
216,-145.7425994873047,-45.17505645751953,-11.094533920288086
217,-153.63209533691406,-45.57065963745117,-11.433023452758789
217,-149.134765625,-45.45689392089844,-11.251460075378418
217,-145.6551513671875,-45.46414566040039,-11.101027488708496
218,-138.44430541992188,-46.13473129272461,-10.843554496765137
218,-134.88856506347656,-47.04694747924805,-10.700106620788574
218,-131.69676208496094,-48.076969146728516,-10.570696830749512
218,-129.06895446777344,-49.140743255615234,-10.430333137512207
219,-138.83566284179688,-46.33451461791992,-10.810027122497559
219,-138.4888458251953,-46.41349792480469,-10.820785522460938
219,-134.80816650390625,-47.343299865722656,-10.680214881896973
219,-131.8390350341797,-48.36042022705078,-10.541955947875977
219,-129.08526611328125,-49.43389892578125,-10.432939529418945
220,-123.62612915039062,-51.987003326416016,-10.139102935791016
220,-120.15567779541016,-54.05112075805664,-9.97780990600586
221,-115.07980346679688,-57.71417999267578,-9.729132652282715
221,-112.32003021240234,-60.41805648803711,-9.574419975280762
222,-107.96222686767578,-65.55442810058594,-9.31666374206543
222,-105.75885772705078,-68.70889282226562,-9.190869331359863
223,-102.34186553955078,-74.80487823486328,-9.034165382385254
223,-101.26180267333984,-77.40777587890625,-8.956156730651855
